x,y,cluster
664159,550946,6
665845,557965,6
597173,575538,6
618600,551446,6
635690,608046,6
588100,557588,6
582015,546191,6
604678,574577,6
572029,518313,6
604737,574591,6
577728,587566,6
602013,574722,6
627968,574625,6
607269,536961,6
603145,574795,6
671919,571761,6
612184,570393,6
600032,575310,6
627912,593892,6
601967,604428,6
591851,569051,6
601444,572693,6
629718,558104,6
661430,603567,6
597551,556737,6
601182,582584,6
562704,570596,6
605107,563429,6
607214,575069,6
568824,570203,6
612485,518009,6
589244,573777,6
625579,551084,6
560237,500154,6
626224,569687,6
610666,551701,6
597428,569940,6
600582,599535,6
604168,555003,6
613871,550423,6
617310,551945,6
625728,579460,6
606300,566708,6
638559,558807,6
582176,630383,6
544056,577786,6
631297,578351,6
561574,621747,6
604973,574773,6
605284,556134,6
617910,592293,6
555904,640401,6
526559,509417,6
603849,572396,6
598634,619900,6
603359,589262,6
657455,567754,6
614279,599251,6
578496,631434,6
645171,595209,6
688015,533535,6
656477,573007,6
540029,563888,6
597418,538362,6
613545,574733,6
628696,542447,6
604157,574191,6
603126,497987,6
605850,533310,6
596179,529556,6
610330,552628,6
598184,531473,6
620438,511694,6
600202,622079,6
603021,577991,6
515612,540643,6
606548,574376,6
593490,623110,6
607084,595500,6
583728,563146,6
616044,533807,6
624452,584622,6
604438,574666,6
625709,660145,6
601376,579831,6
565148,557305,6
639418,537903,6
612799,537497,6
583653,652182,6
599808,596484,6
605250,573272,6
606738,601356,6
611044,571814,6
575440,568511,6
616329,529516,6
605927,572533,6
609286,586782,6
647354,579190,6
606929,571420,6
562920,559223,6
680357,620811,6
707100,601463,6
604294,574368,6
614917,600946,6
611508,503220,6
603789,574474,6
551740,588768,6
546031,570429,6
569197,559307,6
688712,568754,6
604067,574091,6
606809,572101,6
588597,622592,6
613840,534167,6
576263,547239,6
597077,568196,6
601339,571609,6
606011,569426,6
593398,559764,6
593166,622725,6
609796,532982,6
712648,607541,6
585048,505097,6
525967,565687,6
660327,585901,6
607604,573951,6
604001,573587,6
591484,571087,6
613868,585089,6
645464,660478,6
538571,654649,6
555429,604551,6
597620,586226,6
586097,567445,6
545235,539822,6
649088,575733,6
599123,616977,6
563763,559454,6
617717,613939,6
618869,577243,6
567188,560044,6
636628,533309,6
560362,567914,6
595014,632844,6
605876,550640,6
604352,573425,6
600679,599545,6
596891,579476,6
614943,540976,6
604415,571400,6
603698,573585,6
658199,568743,6
598759,582942,6
671269,590258,6
593317,534085,6
657985,453405,11
608557,590278,6
623004,508050,6
601900,569391,6
641031,593074,6
589658,640498,6
567565,573952,6
559078,570088,6
639431,588155,6
566609,537592,6
568570,579335,6
660650,615038,6
667639,571164,6
596796,529933,6
606111,617846,6
616060,590779,6
602873,527864,6
571334,594145,6
602167,543919,6
605100,573307,6
546640,560043,6
585195,555011,6
651740,589474,6
589112,536573,6
582057,543124,6
690968,555952,6
609030,552436,6
632125,541413,6
603445,630598,6
628264,616214,6
577242,574073,6
604090,574392,6
607911,576556,6
600665,638890,6
600117,539079,6
631182,565466,6
695646,652231,6
619445,567491,6
613191,571942,6
567428,580005,6
590583,623314,6
606289,670243,6
585175,574133,6
634967,579020,6
614615,574437,6
593061,579188,6
606933,576409,6
606587,573873,6
594084,629464,6
683697,581516,6
601530,577183,6
603055,589818,6
616561,619007,6
607463,477085,11
611581,572630,6
579712,568354,6
602887,595245,6
600039,557139,6
605913,579526,6
579773,568698,6
606324,544357,6
605958,573728,6
606144,575076,6
667472,570571,6
580048,565009,6
597802,576113,6
610263,574422,6
603855,575180,6
624369,532153,6
599870,591110,6
577167,617095,6
658403,611332,6
563460,480559,11
610980,522819,6
569422,567790,6
627727,578737,6
592804,584539,6
540783,626497,6
591823,639096,6
637323,549567,6
638078,629421,6
611315,560757,6
647103,573853,6
522993,595581,6
601187,531825,6
533799,564377,6
649034,528813,6
620975,564344,6
622407,583192,6
597026,642918,6
551291,576721,6
608768,610525,6
697959,614701,6
658281,582264,6
546632,599204,6
672565,564468,6
636500,587401,6
696144,548705,6
533551,582247,6
526802,551524,6
553038,606418,6
696601,603624,6
588964,597435,6
716139,621721,6
608529,586311,6
557378,567033,6
589994,610890,6
589344,563119,6
624415,515911,6
565483,551512,6
584895,574666,6
582777,542670,6
639394,576728,6
608298,573748,6
663578,586265,6
628080,562986,6
597421,554767,6
595193,576508,6
658103,572250,6
659529,498474,6
606415,581386,6
641976,577433,6
587466,564953,6
589180,595099,6
601885,573083,6
580561,528916,6
621726,578003,6
558817,576255,6
620213,574468,6
594010,570095,6
541976,512639,6
593840,578685,6
602667,575857,6
631446,561156,6
596481,567449,6
611318,581584,6
568546,564911,6
593865,572987,6
597017,575588,6
578804,573582,6
673750,594081,6
592714,553958,6
594029,586701,6
668502,563937,6
629533,537542,6
801539,318482,12
801667,318542,12
814045,332998,12
800479,321640,12
757470,224976,12
844536,424646,12
797105,316002,12
779956,271501,12
797205,313318,12
801323,316240,12
783666,262902,12
806131,312752,12
830658,368694,12
802482,335269,12
801910,325434,12
808062,337340,12
789833,304422,12
803603,327255,12
800865,312968,12
802237,318526,12
803959,315173,12
800123,312312,12
780927,285057,12
797242,324588,12
801551,320544,12
809182,319115,12
801931,317202,12
870801,476330,5
820327,352701,12
801093,317509,12
798523,324500,12
805237,318655,12
803375,311620,12
801441,323812,12
797313,317527,12
788220,301915,12
790395,300024,12
817135,349925,12
797787,301470,12
804630,332333,12
808710,330379,12
802111,320817,12
796375,309563,12
819768,346596,12
814605,354382,12
800565,319364,12
802089,313456,12
814401,341234,12
796609,319691,12
776131,248465,12
803464,329093,12
802646,317894,12
809550,327365,12
795322,311178,12
830450,393096,12
778414,260729,12
800041,318331,12
802814,320130,12
802738,312234,12
823913,369439,12
803386,318982,12
812869,346251,12
798904,324420,12
800447,331643,12
807446,342555,12
804251,329956,12
797594,302109,12
803448,314797,12
765502,240340,12
795527,315510,12
794640,313497,12
808717,335740,12
790932,305223,12
816852,352965,12
826228,376658,12
795299,312036,12
808686,332209,12
809594,344872,12
799275,324108,12
878184,487392,5
798472,322218,12
824822,367091,12
746769,205186,13
756701,207223,13
795489,287279,12
800483,320713,12
783491,288029,12
797162,306135,12
800272,316170,12
806827,324616,12
802853,314938,12
800804,316615,12
813173,354777,12
801588,319814,12
797400,315778,12
823840,368410,12
811391,343836,12
801055,321833,12
804038,306622,12
803780,334441,12
834173,386159,12
802784,313853,12
807293,347456,12
817119,336333,12
786635,269352,12
824624,381716,12
797415,319840,12
800772,325023,12
806626,318966,12
800845,311838,12
769386,259892,12
797272,324228,12
807409,325526,12
795836,291870,12
798321,319665,12
805372,313397,12
790738,308028,12
800667,315995,12
795205,316433,12
809054,345541,12
808452,320117,12
779897,279572,12
782642,275308,12
797569,321799,12
801751,318110,12
787644,297715,12
807401,314610,12
800677,310656,12
800394,301473,12
795571,310093,12
814158,335578,12
811913,325091,12
806982,316680,12
775604,274485,12
800133,327081,12
806511,313841,12
803796,314893,12
802012,318315,12
826789,377676,12
814108,344096,12
804354,309671,12
807017,330432,12
803774,334756,12
817410,346944,12
841928,398948,12
816145,349032,12
818622,370753,12
786245,292352,12
784164,285702,12
805390,319676,12
790774,303642,12
803277,319525,12
833182,379714,12
773023,251826,12
801609,320399,12
778965,282290,12
814317,333112,12
805080,323708,12
801080,318049,12
799724,318884,12
798059,316113,12
806176,320301,12
769876,257669,12
825716,373098,12
791983,298565,12
801386,313545,12
804871,317801,12
810903,332925,12
838276,395673,12
810543,341180,12
777978,252419,12
820258,351165,12
801997,319385,12
779437,281959,12
810253,323873,12
794826,309589,12
814280,344223,12
832651,373469,12
794142,306704,12
802041,319504,12
804190,320706,12
798983,325682,12
840462,402858,12
799912,323363,12
804119,328544,12
804358,320802,12
803057,331037,12
803031,325811,12
784151,283760,12
800444,311497,12
802004,317772,12
803470,319069,12
811277,335577,12
803332,315488,12
800037,317963,12
813436,360446,12
800694,316789,12
838129,404012,12
764997,249477,12
800316,311699,12
806848,320541,12
805462,317833,12
798308,312788,12
802655,316263,12
801456,320080,12
801309,318213,12
840886,397888,12
829529,375007,12
830805,370801,12
804979,334141,12
804013,316083,12
808489,317021,12
770113,241615,12
804332,319006,12
833661,389733,12
797834,297329,12
794956,309980,12
801232,307078,12
809552,342258,12
794615,305632,12
809259,345634,12
811502,355939,12
801301,316893,12
803370,318247,12
804702,315881,12
797009,293194,12
813791,334609,12
812965,330224,12
826048,374236,12
800959,322309,12
803405,317316,12
802254,320673,12
783116,265635,12
798633,317300,12
801482,327644,12
798612,326404,12
799001,302014,12
802537,312497,12
799794,315080,12
793892,313943,12
804691,332987,12
793855,298525,12
796952,318633,12
800655,320227,12
801780,318992,12
805977,320805,12
796916,323332,12
820904,351763,12
808405,318841,12
765283,249459,12
824212,363776,12
798981,311092,12
797178,310439,12
800582,316980,12
803839,310353,12
796283,315582,12
801145,317601,12
801662,318423,12
801782,318281,12
803377,319212,12
803932,318781,12
806192,337849,12
789583,287700,12
801586,318947,12
804251,331304,12
799667,316830,12
759789,229116,12
799021,326404,12
793684,312065,12
806320,315242,12
786234,267976,12
821151,366545,12
801903,312794,12
782506,279930,12
803627,319323,12
794991,291216,12
794667,315069,12
799291,317500,12
798243,324160,12
804408,337683,12
818119,348676,12
810502,336169,12
793560,285392,12
801326,315779,12
808644,326320,12
813645,328765,12
800966,317165,12
797111,302781,12
802431,322048,12
811061,333595,12
786719,283364,12
773955,239849,12
803701,321815,12
783110,289805,12
800235,316652,12
807421,317527,12
797947,319734,12
805035,317469,12
801166,322298,12
846693,429031,12
801493,322249,12
806087,326636,12
810657,329468,12
801313,300606,12
800390,309948,12
801634,318965,12
799197,314215,12
795254,296488,12
807696,320548,12
800461,326821,12
801174,320442,12
809781,326904,12
826585,366934,12
804429,312164,12
788005,292268,12
801183,316191,12
378274,816341,2
406233,813072,2
401478,785370,2
448651,847994,2
434440,822866,2
369199,734895,2
413241,771595,2
369418,733394,2
378563,789670,2
424190,780052,2
415993,776671,2
421352,799127,2
432656,783776,2
383032,788008,2
414377,771258,2
425260,773661,2
469139,810971,2
442979,803024,2
347079,803582,2
412797,803180,2
352874,807952,2
442286,755194,2
416433,786159,2
419700,793447,2
422961,821595,2
400008,789447,2
429586,775621,2
457561,788245,2
415417,785827,2
389552,750700,2
415598,786499,2
443447,783977,2
404792,749210,2
389392,730768,2
473485,847098,2
491614,778997,2
437483,785130,2
452570,848127,2
417197,778243,2
405986,787439,2
437568,794323,2
420319,794333,2
418963,746595,2
469422,822619,2
397688,762902,2
418149,790096,2
407289,798870,2
360319,778673,2
473799,795167,2
445199,763833,2
446537,828924,2
410019,732704,2
396540,815936,2
407694,718592,2
417091,792545,2
442260,754050,2
411526,784658,2
407814,765816,2
394022,803914,2
481133,781413,2
396118,794614,2
458538,786673,2
419721,789724,2
424476,781552,2
377720,727349,2
448336,789445,2
412227,787450,2
408745,824896,2
417016,774869,2
395274,786698,2
412541,806622,2
412109,735920,2
407023,787385,2
376660,815936,2
396548,784388,2
508535,830710,2
414014,816460,2
440782,782395,2
436951,814456,2
393758,750953,2
418410,795929,2
425991,787029,2
414562,787355,2
408712,803987,2
377858,811790,2
417169,792321,2
460371,780609,2
388873,746909,2
395641,808571,2
386436,791388,2
440667,768761,2
438437,730300,2
370839,727884,2
422917,781112,2
391555,789079,2
402666,814060,2
474368,812039,2
406176,760860,2
463768,793154,2
446307,796523,2
402309,786873,2
413946,786971,2
425053,790566,2
416926,785113,2
424023,737453,2
417447,782955,2
415672,787824,2
416019,787562,2
417515,787648,2
459230,803720,2
447833,819282,2
418199,851439,2
417393,771537,2
441415,780207,2
399634,751940,2
373360,784232,2
419227,779215,2
434717,808225,2
397669,792218,2
412028,773494,2
407504,803363,2
365147,790525,2
459328,805961,2
429472,860855,2
480128,785580,2
344915,702496,2
410969,770451,2
407460,791404,2
420476,750495,2
397747,792207,2
408428,771823,2
397806,749559,2
426040,825049,2
407565,766203,2
414317,828815,2
410610,765111,2
412388,784064,2
406337,750353,2
422419,754048,2
416039,730594,2
414512,793966,2
398478,822297,2
424375,721868,2
403890,792420,2
400902,772920,2
402367,782997,2
472917,830363,2
418621,840463,2
329002,727685,2
418618,811618,2
425356,745471,2
470922,770669,2
400598,790903,2
412851,774986,2
492415,829655,2
400079,749617,2
417673,785965,2
424720,768456,2
386415,801444,2
426689,788562,2
430747,776261,2
405714,781619,2
429220,787348,2
427850,762201,2
434080,785264,2
473514,788780,2
412386,777312,2
430686,844506,2
409142,811927,2
422198,724557,2
392185,713763,2
412677,786951,2
399149,784376,2
382693,749680,2
527515,831478,2
448519,805219,2
430779,770145,2
413556,758080,2
392140,769924,2
416855,794023,2
389713,772742,2
398498,776720,2
473727,807244,2
389410,788256,2
377230,790154,2
415564,784464,2
456799,844976,2
444336,820061,2
404359,783919,2
453154,776082,2
425019,759577,2
415895,775793,2
420083,787815,2
506612,858859,2
436648,859634,2
403522,785432,2
401407,759648,2
403852,792473,2
367398,701756,2
412453,784453,2
382124,786262,2
416884,786845,2
448865,836781,2
383821,808301,2
414249,796590,2
457338,789952,2
396276,785999,2
390282,789593,2
409417,758123,2
397561,815245,2
397137,742547,2
402891,801910,2
385257,791581,2
409628,833942,2
369249,797068,2
460942,779073,2
423146,737571,2
420509,788730,2
422736,790806,2
401492,790336,2
394018,799506,2
385140,796221,2
430243,781020,2
416775,806826,2
425796,795608,2
411488,837715,2
433989,765343,2
415806,783594,2
417023,771194,2
415270,775605,2
391163,811977,2
405350,762342,2
414860,773921,2
371779,814715,2
415631,805010,2
387951,813315,2
472691,802678,2
471930,844046,2
432892,815223,2
366654,802105,2
411721,717873,2
426115,814461,2
375997,806621,2
385561,718324,2
375573,809249,2
437958,784801,2
363857,784086,2
430138,818594,2
435085,791564,2
414036,742189,2
425611,793420,2
439793,740773,2
467107,817914,2
387631,749416,2
430001,765803,2
384225,784381,2
417146,822655,2
427371,819417,2
399587,792459,2
474648,778810,2
345692,788190,2
409515,756149,2
469782,780552,2
468229,827985,2
414951,852935,2
409701,750741,2
442826,795974,2
459556,818479,2
423311,813081,2
476144,772131,2
391976,789416,2
448649,813885,2
496658,816784,2
410336,767856,2
430167,811490,2
357467,797530,2
404220,785798,2
446368,763341,2
439514,758221,2
424145,743433,2
470062,771204,2
421187,779726,2
396617,801039,2
394708,739061,2
394912,755947,2
425950,788228,2
408283,806161,2
419520,778231,2
441950,785934,2
409814,836083,2
395817,788858,2
422776,808328,2
363959,810632,2
422943,804253,2
407626,771304,2
347933,797148,2
457554,795861,2
394274,837428,2
445674,768552,2
416359,786189,2
419485,804779,2
376176,795539,2
349378,805118,2
456566,743012,2
484407,809641,2
403329,717870,2
392795,817694,2
372621,772258,2
461751,817277,2
489182,773934,2
427388,815258,2
418155,819422,2
437035,755506,2
416444,783624,2
777811,751059,4
823974,725025,4
749723,781756,4
875160,698897,4
828194,742074,4
800913,749332,4
831165,783383,4
793019,764859,4
810467,706465,4
803540,754792,4
844662,654835,4
803962,731228,4
823065,733789,4
822156,732296,4
811389,723618,4
779936,774397,4
854769,713941,4
803457,735855,4
790712,745884,4
815652,733433,4
841289,701474,4
832054,751330,4
786032,701427,4
824835,704997,4
832886,781206,4
818063,797960,4
857620,709386,4
828589,652430,4
836727,737798,4
776000,780347,4
824098,714042,4
830583,710990,4
862189,735684,4
815131,704478,4
828478,655405,4
784838,771499,4
880362,706363,4
767482,727417,4
825070,734215,4
813781,738344,4
840863,737972,4
840943,739611,4
828276,762021,4
822883,728314,4
854886,769396,4
829623,732301,4
835428,731189,4
818338,800932,4
823417,701523,4
812152,689907,4
829969,699565,4
861563,661642,4
816955,747629,4
774526,757135,4
803577,712231,4
798056,714380,4
881789,727577,4
858867,700187,4
834996,728517,4
839121,736259,4
841045,738224,4
840100,728839,4
874544,686096,4
862334,747768,4
820253,714625,4
817862,732248,4
844729,682981,4
846484,719360,4
793669,724513,4
821906,732848,4
826465,646980,4
820350,748217,4
814540,707227,4
838223,766380,4
869471,745767,4
816054,733183,4
801177,737548,4
848783,748980,4
814105,723255,4
838036,749612,4
840270,725456,4
789601,714058,4
827169,708345,4
789448,738035,4
835030,668528,4
848151,741869,4
816091,747764,4
801511,761094,4
822670,689090,4
873672,734440,4
808153,737136,4
755829,751858,4
814697,729209,4
832758,707452,4
848264,762550,4
799903,784535,4
802674,727804,4
828147,808738,4
820707,705318,4
824594,741664,4
804474,747122,4
823108,733302,4
839514,728923,4
827711,732798,4
851644,721350,4
816390,711340,4
798007,723995,4
790612,738038,4
821909,728448,4
865754,723314,4
735295,814058,3
877711,703850,4
792990,685472,4
809917,762429,4
789388,712210,4
879221,655497,4
876935,684572,4
819439,735945,4
807929,730950,4
850451,764015,4
811748,766105,4
824765,761114,4
848586,789052,4
812231,739235,4
873532,712802,4
842590,716861,4
832798,734777,4
817640,730018,4
824322,744720,4
777697,798253,4
868493,677155,4
805658,698630,4
840349,790707,4
796953,726378,4
832589,782799,4
817441,709397,4
856029,730586,4
805089,762512,4
854628,773470,4
846090,651306,4
796943,674692,4
827192,785316,4
818209,719382,4
795200,786424,4
817777,724927,4
846512,683647,4
825080,746712,4
824674,806300,4
822616,735941,4
805391,732659,4
823250,732088,4
850376,739749,4
821337,733356,4
796786,724615,4
862425,741010,4
825690,703854,4
800872,672603,4
825395,715780,4
843911,730036,4
820238,732928,4
848570,703697,4
825515,738284,4
820367,732364,4
822025,749214,4
837718,761480,4
871723,685520,4
850904,720163,4
816775,739989,4
822103,732911,4
815455,755486,4
835648,756631,4
868626,737331,4
825997,730652,4
817252,730254,4
877906,722361,4
808440,729985,4
791470,751113,4
841654,764836,4
825429,732758,4
751215,828365,3
804706,788001,4
820194,734233,4
869991,705259,4
809779,663654,4
822078,711840,4
866139,717138,4
829379,718721,4
837582,763266,4
783999,732487,4
800231,732106,4
862569,719773,4
838764,652792,4
849343,713993,4
828297,715480,4
821259,750089,4
874643,729921,4
819058,729125,4
817018,729596,4
797804,715342,4
838515,768484,4
829398,724900,4
754841,796342,4
878690,739021,4
821908,732077,4
786495,759000,4
823987,687499,4
787988,741203,4
839339,726322,4
822425,727248,4
854412,725575,4
788351,737539,4
838587,700545,4
840425,762290,4
817395,734126,4
807913,737341,4
872285,750708,4
788166,702817,4
836225,709204,4
822293,786837,4
888892,702505,4
822623,745025,4
795124,696429,4
832238,725434,4
815593,689874,4
843572,784897,4
833716,758772,4
822474,780882,4
801102,759330,4
841752,731595,4
808779,732990,4
822533,758955,4
817807,715863,4
837977,728814,4
801204,755177,4
819628,810748,4
814732,734183,4
832086,716249,4
876503,659112,4
823856,749355,4
819737,737829,4
818756,743887,4
811971,664520,4
801526,705057,4
827031,734324,4
843891,721571,4
810460,735109,4
782368,759352,4
801172,715857,4
866928,716961,4
829673,730398,4
850888,736810,4
786935,732999,4
769656,721159,4
804925,735492,4
870054,738900,4
818932,728481,4
853692,746285,4
807072,687932,4
750459,800215,4
823959,737866,4
835804,710711,4
790206,747165,4
813092,739043,4
801810,728106,4
825404,733788,4
820947,730529,4
827081,694553,4
822664,720677,4
768565,762193,4
823113,733720,4
821079,800206,4
828531,731300,4
820757,738235,4
781260,737962,4
819438,662327,4
833504,744564,4
789552,731946,4
822843,763117,4
775555,719683,4
865084,713697,4
820455,729132,4
849547,738979,4
762269,792243,4
821464,700760,4
824013,753991,4
803369,698753,4
823589,728083,4
796353,710294,4
820083,728310,4
829133,735488,4
823455,747394,4
818542,740451,4
809623,734937,4
841762,777572,4
802184,751958,4
803874,675499,4
830065,739162,4
824140,729074,4
852730,769968,4
866760,753547,4
811031,703822,4
825414,734466,4
816615,770855,4
786227,765634,4
817269,733788,4
809453,736879,4
757421,774445,4
818251,731938,4
788020,765562,4
823618,734216,4
812295,728049,4
837545,696979,4
797918,694723,4
822224,742716,4
821895,732158,4
797233,713358,4
800258,733812,4
813319,737376,4
860951,162251,13
860387,157731,13
857363,154639,13
863391,126214,13
839094,159543,13
849248,164090,13
875990,133950,13
905936,150106,13
895835,123485,13
818079,108536,13
898976,198452,13
869087,153957,13
849653,143827,13
834293,161575,13
844234,153197,13
835128,212354,13
828179,155649,13
875410,128878,13
850965,156224,13
800816,176612,13
832621,150748,13
876863,176593,13
826192,172906,13
862679,188399,13
839974,154358,13
854338,135067,13
855233,141357,13
850538,160159,13
868442,160118,13
888714,205560,13
864185,161232,13
851280,156049,13
875825,204959,13
840375,155757,13
892340,149050,13
873527,126426,13
836433,200181,13
826499,142732,13
854922,159650,13
883537,210648,13
807420,168787,13
840299,118907,13
834602,213597,13
864053,139325,13
856454,117143,13
857972,160214,13
850046,108829,13
804936,148980,13
864374,150149,13
858587,150101,13
870247,121460,13
855656,162100,13
850176,127908,13
850057,157848,13
828005,145089,13
861994,160156,13
849537,157510,13
867125,168762,13
838142,156770,13
847644,164348,13
856349,158150,13
860606,152843,13
869288,168662,13
838328,185708,13
860986,140320,13
829229,143653,13
866051,172932,13
871556,194747,13
865489,161762,13
851840,110475,13
846256,154064,13
836081,178429,13
859707,202806,13
849938,156042,13
894124,202052,13
864325,170593,13
848108,161786,13
817619,181929,13
858058,196183,13
861242,161722,13
885793,172115,13
850577,157049,13
877125,161227,13
883864,111281,13
891699,170415,13
802394,87835,13
862759,157988,13
824185,167369,13
813124,157130,13
840335,164912,13
858042,178196,13
846257,145306,13
858516,151301,13
851282,153750,13
905005,164126,13
857309,139276,13
845589,192916,13
895245,150977,13
863995,150435,13
862642,159379,13
861631,169376,13
858934,162874,13
912023,160368,13
842824,177832,13
824560,133679,13
842281,175525,13
860845,155375,13
841096,188742,13
821428,153468,13
840357,169437,13
827802,189078,13
844734,164570,13
847812,114745,13
887269,166179,13
830159,134329,13
850925,157811,13
847276,121785,13
870599,149782,13
780153,136449,13
814379,132655,13
834483,173379,13
852423,159874,13
854012,157449,13
883375,158482,13
850219,110573,13
836450,151205,13
881217,172320,13
813239,139752,13
871255,140340,13
789356,159383,13
873690,156226,13
858834,149259,13
778867,140736,13
872057,122354,13
882097,161493,13
787336,144875,13
849751,167033,13
843833,170416,13
850663,157840,13
812240,177846,13
838609,140215,13
850959,157920,13
859703,156782,13
854753,190254,13
895723,126593,13
857833,170565,13
850200,164752,13
845303,150476,13
877422,134877,13
850153,155701,13
819256,201704,13
871689,155981,13
818014,140185,13
815298,167390,13
864088,171351,13
902529,162041,13
908069,146564,13
799326,106384,13
854996,81095,13
843813,182032,13
888504,147016,13
877964,242679,13
851866,156896,13
821361,175823,13
810775,160434,13
843150,156573,13
844088,150085,13
830620,117906,13
835790,127898,13
819541,117296,13
858703,157931,13
857846,153281,13
876408,183646,13
842576,153072,13
848974,199427,13
862925,243856,13
856561,128799,13
834171,189042,13
872516,217570,13
869167,105039,13
819670,183364,13
846575,159002,13
895127,152283,13
830445,186055,13
792179,148539,13
852410,187705,13
853554,158012,13
927170,250593,13
825605,167750,13
846731,162515,13
878170,123364,13
884966,133900,13
866987,154415,13
846284,113820,13
873474,159567,13
878258,158631,13
882306,173836,13
856924,169071,13
794260,129843,13
851568,114049,13
868736,179354,13
925732,210388,13
868375,161990,13
855593,161003,13
849599,157084,13
868317,177001,13
800304,163436,13
823740,169808,13
856202,158811,13
883929,121705,13
851010,157593,13
872506,157517,13
850533,160136,13
816393,185056,13
850911,157772,13
812942,85345,13
835581,147664,13
913298,162009,13
858172,137586,13
872781,154295,13
871597,185239,13
923120,170161,13
837019,215527,13
835702,176502,13
837017,154170,13
859177,143273,13
866851,129505,13
855852,134834,13
924289,171369,13
860154,113364,13
836739,162321,13
850775,162968,13
884750,154317,13
849681,125345,13
854463,159977,13
883567,161769,13
848137,87922,13
823676,152154,13
848135,130674,13
844400,150812,13
864494,136669,13
878157,210496,13
851088,157432,13
786528,104976,13
860106,157080,13
861412,205239,13
820675,168154,13
834036,144156,13
842907,133992,13
846720,162060,13
871544,144135,13
849003,115373,13
856753,145184,13
839757,190518,13
865113,161302,13
846936,161313,13
845802,172285,13
844357,163402,13
881106,105566,13
877835,151890,13
839445,149778,13
866560,165110,13
845798,213118,13
818668,120458,13
831446,182864,13
900955,185733,13
836647,167267,13
874672,104851,13
849126,121710,13
889142,154467,13
855993,225023,13
854095,158510,13
850787,125678,13
859298,139834,13
829216,121494,13
837676,148639,13
851919,127963,13
841353,125628,13
848563,117708,13
893106,176595,13
852503,146551,13
848290,143184,13
825541,151495,13
883231,232031,13
864667,143614,13
805089,96540,13
854909,149938,13
847097,176660,13
910435,171155,13
878749,188759,13
871780,158486,13
841292,155620,13
846011,160034,13
855969,193497,13
860927,110775,13
808069,134402,13
848413,183717,13
791722,162000,13
852104,134678,13
806567,140259,13
847423,161535,13
867993,162841,13
828038,149181,13
849404,170474,13
841967,150890,13
850945,161669,13
888697,143969,13
813868,188928,13
864991,159874,13
881109,152198,13
811694,188374,13
900360,153622,13
885764,151791,13
814553,164190,13
895623,178393,13
829790,205695,13
865170,173755,13
850453,155432,13
864211,216526,13
848770,111076,13
791199,164843,13
834165,140684,13
843905,219401,13
857328,143692,13
838146,159541,13
340693,569371,7
315965,587160,7
405652,622938,7
359831,554975,7
349296,557688,7
289423,559134,7
408689,562521,7
321312,574721,7
286568,547471,7
370259,585265,7
339967,562602,7
410917,614521,7
283570,563726,7
347197,591316,7
342064,570045,7
317331,556086,7
335792,541310,7
330455,568758,7
366794,582584,7
378697,591764,7
339981,565418,7
338342,566864,7
338474,563350,7
432052,613723,7
340064,550509,7
334354,578047,7
296775,572432,7
353335,592567,7
334016,562797,7
328438,532686,7
365927,571713,7
343247,564376,7
325057,581121,7
330881,579058,7
378648,579579,7
339115,566863,7
333299,597586,7
367048,553451,7
345840,561591,7
366934,581294,7
358793,547046,7
393570,579641,7
304399,545221,7
353979,578923,7
337002,589527,7
327738,559624,7
334549,579199,7
297110,556485,7
327403,548875,7
413894,564459,7
326043,553772,7
337811,558454,7
333901,532836,7
340545,568654,7
358483,554925,7
318065,581616,7
367751,578289,7
331667,570387,7
321519,561045,7
299578,572052,7
339632,536577,7
339993,544064,7
268672,508874,7
332960,569308,7
345042,566973,7
352220,602793,7
333934,537464,7
312386,555195,7
334182,558498,7
335328,562880,7
303637,570253,7
353145,580916,7
325118,556212,7
294310,563522,7
371563,547746,7
373894,555347,7
407040,577739,7
337298,565486,7
357813,572855,7
304157,566007,7
335918,566525,7
330127,570072,7
339212,538693,7
357275,551101,7
334785,565575,7
326152,563230,7
345903,561314,7
238748,551038,8
331175,551842,7
352520,566829,7
341675,560197,7
354746,552404,7
412500,594675,7
277027,536847,7
322209,547247,7
375619,553791,7
288068,561932,7
344770,570309,7
284031,566654,7
324442,567881,7
356246,549756,7
404420,577532,7
336829,562228,7
293591,522132,7
342963,582232,7
338860,561151,7
324055,590810,7
328331,541094,7
357737,597104,7
392534,593343,7
298665,568245,7
343376,575709,7
338863,563107,7
361370,552483,7
338935,567577,7
350117,535859,7
371000,555062,7
368617,554066,7
331795,529654,7
344237,573700,7
280110,522025,7
328657,564864,7
452457,597461,7
333669,542228,7
320628,564596,7
316642,553340,7
340712,563178,7
349955,535578,7
261538,525920,7
411008,607342,7
317136,563479,7
297022,574097,7
319927,524637,7
359772,568428,7
344791,578536,7
324093,580491,7
373907,558472,7
321905,573147,7
341721,576427,7
386373,606623,7
338588,543875,7
341578,558672,7
371616,570648,7
331987,568997,7
341329,565571,7
334350,556417,7
330482,571217,7
338950,572545,7
289087,565427,7
343997,585193,7
225786,529417,8
365567,547606,7
320827,519618,7
286990,529505,7
321517,569562,7
388806,569524,7
411796,581307,7
331440,551885,7
325958,573367,7
348171,569251,7
344239,530765,7
419151,577335,7
321309,569996,7
386377,574187,7
342099,561508,7
366688,562413,7
321657,538660,7
403004,613466,7
363304,553764,7
384922,582877,7
304556,568584,7
336787,538925,7
327998,571265,7
303269,531608,7
313649,523765,7
337889,558031,7
360165,553303,7
340032,561740,7
338634,564414,7
351459,565704,7
412767,593558,7
283474,532727,7
336928,557412,7
366478,594677,7
343450,570659,7
331616,565089,7
354529,573677,7
276703,559740,7
282066,560178,7
331366,567311,7
321910,573825,7
290107,571927,7
281979,518199,7
374695,563163,7
340191,567638,7
338583,563529,7
358312,559466,7
338474,564151,7
338205,566246,7
342901,582886,7
265815,540385,7
304086,576100,7
347966,563506,7
346144,560472,7
352381,592377,7
318681,528806,7
369366,561201,7
310041,533285,7
344314,595915,7
363956,609339,7
328586,551385,7
330767,552963,7
312558,520650,7
315850,573154,7
379388,567285,7
329905,579935,7
352209,548608,7
357679,548036,7
339288,588052,7
330335,568221,7
341559,562163,7
341925,569393,7
327695,543105,7
335999,549795,7
302359,534317,7
332586,566187,7
330750,561657,7
400380,588221,7
337910,562252,7
336549,565597,7
343717,559909,7
332116,594868,7
358384,556361,7
415881,584352,7
345164,579614,7
316395,537403,7
340970,564831,7
340383,600071,7
326627,534442,7
356865,545785,7
306298,551902,7
347575,565576,7
302583,571881,7
352424,557574,7
279008,521035,7
335029,553213,7
338753,563384,7
324032,577807,7
327973,534972,7
321924,527106,7
345495,579864,7
385091,599401,7
361138,551307,7
332884,533990,7
269126,508814,7
350056,566657,7
374117,546122,7
350283,559840,7
335525,567445,7
350798,535657,7
289002,520678,7
324516,522674,7
364844,571623,7
351815,574947,7
275524,559548,7
348773,583528,7
308966,523409,7
316313,570785,7
341966,561987,7
341446,538787,7
318823,565345,7
347522,587567,7
293746,544468,7
334983,572690,7
325125,564342,7
330145,546705,7
336336,563145,7
302353,545544,7
321216,569834,7
285152,520229,7
335027,565050,7
332270,556288,7
341016,545280,7
339640,561426,7
338633,563504,7
324952,565867,7
353583,554147,7
385183,556284,7
292636,520371,7
289176,571435,7
310944,559497,7
336974,563207,7
337173,557853,7
396903,591235,7
324440,567074,7
333378,557892,7
300366,565761,7
344437,529492,7
325871,558965,7
367641,556309,7
344552,554676,7
297212,546223,7
355924,577596,7
331340,524203,7
292932,558293,7
306346,523584,7
341966,586266,7
282430,560217,7
326251,549298,7
335201,585318,7
351564,573155,7
322365,530808,7
405542,600089,7
296763,528676,7
221233,538472,8
338084,560295,7
345674,579033,7
325883,560492,7
345123,577788,7
329859,564384,7
353939,570931,7
409616,575024,7
365058,545456,7
404782,557913,7
368724,598412,7
344096,575522,7
182618,346663,9
171461,348130,9
186536,330019,9
177241,292639,9
248683,383412,9
174057,358906,9
215243,289985,9
170688,343596,9
144502,345417,9
165689,356983,9
168443,367928,9
165158,343946,9
159711,352701,9
175781,341039,9
233480,289069,9
189029,366740,9
168573,350387,9
170271,306395,9
192775,350028,9
152054,345632,9
139299,314046,9
202053,322650,9
134695,350397,9
159654,381778,9
188093,324040,9
183236,338163,9
156984,430950,9
182751,435819,9
198908,372797,9
198517,325721,9
161345,350804,9
210497,359835,9
141993,331189,9
170788,373545,9
166449,363036,9
155479,345893,9
186380,363938,9
129332,360811,9
224225,376975,9
165945,345849,9
223550,323197,9
122755,434879,9
166584,349245,9
179472,342273,9
148749,359845,9
177505,332053,9
160222,380591,9
178869,370161,9
170002,370000,9
164354,347671,9
169966,368623,9
145867,363616,9
181561,358111,9
164915,350360,9
166973,341636,9
153181,277968,9
155505,355581,9
160835,347784,9
211265,396792,9
203254,362605,9
137967,354539,9
174064,357989,9
179609,408365,9
176506,351827,9
172879,347028,9
180506,330980,9
185966,359964,9
146070,316860,9
152957,321354,9
163190,331719,9
186914,361706,9
159191,309314,9
170425,316185,9
162040,316797,9
195000,354829,9
126702,351222,9
213064,290947,9
140612,350010,9
172885,352621,9
170155,343568,9
186806,334070,9
146072,288800,9
169293,348686,9
169502,411323,9
152861,407965,9
156041,295117,9
117585,391892,9
163981,344090,9
158664,310765,9
141113,351050,9
163796,345091,9
160369,353500,9
235671,300234,9
140876,334435,9
108232,373112,9
192460,388323,9
133744,308918,9
216209,437830,9
156945,339397,9
199859,316334,9
159496,331641,9
167845,341409,9
182435,365508,9
133795,360518,9
169628,365003,9
167262,399527,9
177728,352687,9
130683,363204,9
198197,344933,9
197735,355477,9
172020,342883,9
185561,342784,9
202011,337353,9
157394,346500,9
182050,424341,9
129664,341196,9
173188,355248,9
182499,310438,9
170384,339979,9
182093,321311,9
185696,338006,9
102221,374657,9
165881,364469,9
164875,349007,9
159120,340829,9
168274,374689,9
178495,373915,9
179811,342089,9
162606,363185,9
173908,362098,9
133580,348602,9
190634,357254,9
186503,369651,9
127134,379827,9
169145,355279,9
140121,346875,9
141860,324304,9
200251,306215,9
174373,363552,9
170022,347877,9
165657,338722,9
186361,351075,9
213022,338238,9
155228,357729,9
171614,435530,9
175586,365049,9
187858,381077,9
171074,293610,9
153738,360530,9
199043,270173,9
165886,348709,9
159428,300364,9
197463,378513,9
161273,347538,9
186082,330058,9
143732,279724,9
142899,329415,9
156977,424622,9
174878,362329,9
148915,338914,9
187324,377187,9
175766,380534,9
185071,362905,9
158550,354818,9
174672,345849,9
169880,343122,9
109090,326101,9
187854,354777,9
153903,353738,9
190241,329582,9
102983,382712,9
143117,345163,9
188985,367645,9
174834,411644,9
144228,344974,9
146821,297434,9
171848,343242,9
94382,320888,9
154412,310120,9
176490,344679,9
170616,352610,9
81648,360080,9
153607,379395,9
183970,355973,9
105444,361358,9
158571,361986,9
177579,319865,9
198892,322470,9
216975,296647,9
166654,350678,9
189102,333074,9
198712,303299,9
137098,384889,9
144306,328086,9
142455,343512,9
178319,318244,9
168886,353913,9
174656,393278,9
130805,354417,9
176433,350561,9
142252,329183,9
165476,377389,9
210102,333312,9
129453,321221,9
144705,375936,9
206687,342276,9
153583,352282,9
189499,356601,9
159392,351000,9
181463,326571,9
162975,335389,9
157691,334886,9
154167,353183,9
165607,362883,9
182239,333302,9
176982,354631,9
183516,374212,9
191099,341570,9
184570,360446,9
207804,354938,9
198493,326704,9
149269,341445,9
184798,392233,9
174438,319075,9
107124,325984,9
76052,360840,9
159302,337993,9
140101,341028,9
168149,345638,9
150009,371014,9
157193,350343,9
111476,358647,9
151164,332239,9
171318,373473,9
175169,349454,9
162600,392531,9
168067,340249,9
170102,323164,9
124132,340448,9
149863,284721,9
168079,347343,9
128953,304971,9
169228,364545,9
198415,321418,9
183610,321788,9
220869,407358,9
159472,372246,9
170837,353968,9
165653,317602,9
135537,356169,9
166973,334724,9
158750,312102,9
161448,373412,9
158713,379013,9
180493,319750,9
125715,302114,9
194033,340466,9
158871,312380,9
161387,343617,9
169121,347594,9
167653,352074,9
125902,318850,9
217686,296514,9
171986,429306,9
211360,279794,9
157181,346842,9
188909,341194,9
140128,325904,9
117874,389929,9
162921,317643,9
173978,346514,9
98533,355691,9
194956,372256,9
164847,287064,9
174410,372064,9
149092,352682,9
166323,352927,9
178515,370287,9
169337,348605,9
122986,334382,9
145282,391482,9
185919,363092,9
180519,368284,9
181227,347052,9
168284,309036,9
198251,335402,9
160922,347681,9
141861,328909,9
147911,328024,9
178264,330827,9
178235,346006,9
195151,317753,9
122360,357480,9
167330,332452,9
115363,305575,9
185661,404482,9
177858,352255,9
113068,317574,9
125675,360158,9
172842,351663,9
124724,459999,8
169069,348929,9
185253,344152,9
155625,262321,9
158201,315944,9
171277,361020,9
209553,326461,9
160165,362858,9
190725,336160,9
169994,409806,9
179463,361279,9
172662,388185,9
165284,425978,9
160206,303063,9
155690,368375,9
124516,325289,9
179326,321160,9
165573,305517,9
155508,372355,9
166799,318482,9
161780,324523,9
168805,351913,9
206519,355629,9
163091,350167,9
176144,353300,9
179483,359645,9
213951,352868,9
164046,346109,9
169569,346955,9
225356,318394,9
214966,358837,9
159253,343477,9
219779,330969,9
169876,340860,9
669118,354195,11
613682,399434,11
617399,392653,11
629247,364078,11
641070,424917,11
609532,388425,11
629369,398359,11
605911,379990,11
622550,391601,11
607905,403460,11
679465,399014,11
608711,373665,11
623498,399288,11
601212,370698,11
574989,407228,11
563517,391159,11
687717,379483,11
616040,330855,11
653024,367312,11
607440,403119,11
620240,397022,11
599215,391457,11
587478,424878,11
613921,394043,11
624328,392133,11
635887,384511,11
559877,401053,11
617755,401065,11
693265,388552,11
559933,403956,11
655859,416496,11
625919,402984,11
595215,391491,11
617493,379303,11
598657,442558,11
601644,436831,11
617118,374098,11
591051,389443,11
617296,386864,11
616468,394118,11
630384,376295,11
558770,390646,11
637332,414017,11
556780,409205,11
577473,384210,11
650054,432740,11
595063,328609,11
714443,433876,11
603566,410391,11
562356,383175,11
546166,423311,11
626539,394908,11
663820,416308,11
710910,464586,11
624310,398408,11
632546,389750,11
667249,417107,11
608309,377530,11
611357,393577,11
658219,436184,11
615032,402225,11
628131,406850,11
632390,363198,11
575116,345564,11
625784,441883,11
618893,419740,11
579564,428498,11
686324,364237,11
586242,396484,11
623248,399928,11
609219,362804,11
537211,376777,11
605310,394011,11
634973,450542,11
595411,413706,11
613037,419086,11
617444,397675,11
633304,366062,11
592620,446156,11
631633,337973,11
619637,395224,11
620330,398630,11
621964,409409,11
618446,372298,11
629789,426313,11
608687,374928,11
680646,375662,11
591831,438997,11
550086,442382,11
620330,396776,11
551236,401856,11
617178,414525,11
584938,344365,11
622636,456843,11
649987,408293,11
613719,382828,11
576987,392508,11
599766,409755,11
584077,398498,11
695514,321521,12
561388,355834,11
691600,397893,11
610676,449688,11
600114,413216,11
626811,372435,11
636291,360636,11
570384,393553,11
626700,401688,11
624106,398619,11
523329,404632,11
611954,360938,11
613536,395801,11
576488,397913,11
652745,406585,11
603193,371867,11
610026,444858,11
629725,405117,11
648429,422590,11
562772,382904,11
638823,411764,11
617764,397102,11
579922,379009,11
610698,396326,11
642607,374702,11
621629,397208,11
659321,404555,11
576235,462612,11
598628,425191,11
623502,420376,11
665965,449273,11
608923,385575,11
611579,407670,11
617573,386848,11
589862,418742,11
653325,396810,11
605073,372055,11
623137,408209,11
499262,398424,10
619339,401624,11
619295,397643,11
578878,420108,11
533577,355107,11
615934,426539,11
690195,475150,11
673514,390760,11
657120,386782,11
549945,372313,11
675858,410545,11
626586,415166,11
618449,404599,11
638783,399478,11
578113,395458,11
622557,361134,11
635324,420555,11
666135,430421,11
689725,465685,11
593601,445149,11
615094,383077,11
624599,417673,11
573969,434110,11
642881,403147,11
634383,422065,11
582389,428200,11
617330,369828,11
621989,394856,11
651828,468138,11
612936,398723,11
613351,407952,11
562777,437516,11
533212,366954,11
618113,400002,11
609344,448128,11
615342,413931,11
623989,368662,11
620187,400168,11
687638,439257,11
573925,449341,11
547270,403384,11
619318,361696,11
588432,446279,11
592924,393730,11
615325,383841,11
611875,422910,11
681941,370225,11
620818,396967,11
662154,385013,11
554938,347875,11
628655,321099,11
619628,399433,11
660333,393215,11
618391,348381,11
565829,395454,11
617689,397001,11
604554,393193,11
572417,403906,11
659193,384523,11
632060,367800,11
633894,404424,11
620610,395343,11
615175,397627,11
624293,333944,11
593689,316888,11
617319,374666,11
572244,349463,11
619239,400025,11
621622,390298,11
622101,371771,11
630205,338054,11
654147,407182,11
637594,420311,11
629004,392271,11
585207,336451,11
618349,397614,11
650157,402991,11
638966,486628,11
655201,411873,11
602335,433298,11
630706,388370,11
617428,397343,11
621537,390372,11
631365,450732,11
618406,404239,11
601390,453925,11
603945,361794,11
619427,396945,11
660103,414557,11
700340,335010,12
608182,416637,11
661166,404325,11
620939,385731,11
626371,349696,11
614683,367259,11
619332,401992,11
587453,401098,11
652349,321291,11
617954,395504,11
636807,424537,11
533889,333741,11
623386,387031,11
632952,385722,11
695010,449565,11
626843,367696,11
488205,420586,10
611547,411952,11
621241,368090,11
581240,362971,11
608747,363132,11
662177,420431,11
615665,405490,11
617447,366176,11
560393,389490,11
685785,409913,11
623433,400160,11
609091,437020,11
624343,403629,11
668879,388617,11
567105,437623,11
657450,365008,11
591955,378142,11
588952,437524,11
607665,447516,11
608601,418450,11
662830,420955,11
605891,428146,11
615239,317684,11
588933,366439,11
618053,357534,11
577773,434308,11
606558,458285,11
620955,389692,11
738190,371970,12
634661,446187,11
571692,449353,11
605650,447537,11
639502,371440,11
684568,380640,11
658735,399039,11
618157,384990,11
618869,398187,11
603388,403039,11
585255,415823,11
639507,438534,11
594112,399331,11
619475,400592,11
571570,375257,11
659297,373975,11
603285,449307,11
610199,394579,11
590500,418472,11
630904,404643,11
591725,406549,11
621560,397789,11
563182,367521,11
593879,444161,11
616054,371666,11
627679,395601,11
608195,447380,11
616737,397973,11
650120,324477,11
616926,398697,11
650859,460072,11
642157,345545,11
601369,411415,11
604703,392288,11
721905,378957,12
619415,397644,11
571043,347389,11
659191,459637,11
629978,400626,11
688487,383589,11
598053,438963,11
635242,356290,11
605899,412428,11
656642,407213,11
619924,406713,11
630067,372798,11
600007,377908,11
589164,386733,11
630491,379017,11
618676,377015,11
639613,388524,11
669409,415893,11
681608,436537,11
649968,371445,11
629000,417990,11
658884,390135,11
605407,427914,11
629891,414975,11
621778,364695,11
610722,418243,11
601599,388540,11
615649,429323,11
627206,402647,11
643965,366316,11
614877,402442,11
606486,420054,11
668482,358452,11
628715,434772,11
196462,887983,1
335970,846828,1
272394,837600,1
211165,825505,1
226433,837646,1
219686,859997,1
242087,844255,1
213558,873714,1
245144,845719,1
247997,878582,1
283576,809069,1
224676,859348,1
298214,820903,1
245468,859425,1
222704,824909,1
250921,819639,1
249209,801933,1
230591,874855,1
234091,876039,1
286769,862152,1
224789,866804,1
245023,849247,1
263626,851699,1
250198,825417,1
231263,863308,1
307605,840195,1
276635,875623,1
230399,842538,1
274070,798617,1
247939,831010,1
209922,850026,1
300726,862728,1
222727,770963,1
239505,885057,1
291561,845450,1
221122,832810,1
194258,914691,1
228928,855040,1
264627,808661,1
225916,843329,1
240221,843932,1
276600,823311,1
204854,810013,1
278326,829095,1
246047,846189,1
251032,876118,1
285258,848668,1
260943,889692,1
245928,867228,1
221002,870506,1
292872,896822,1
261896,897475,1
269723,849664,1
243941,843256,1
249370,872804,1
237120,856814,1
257472,849587,1
253703,834676,1
238080,830689,1
225991,869734,1
231781,799444,1
296892,901182,1
234604,822462,1
241473,860854,1
219864,842635,1
235901,856563,1
207217,878249,1
256949,820470,1
204597,863162,1
325275,866433,1
239344,814789,1
187894,871219,1
259973,862559,1
189752,865463,1
245707,844466,1
188480,870646,1
305915,854818,1
242443,851797,1
227138,824372,1
229970,878786,1
281971,825246,1
241166,845204,1
225846,874086,1
284077,905181,1
258975,837353,1
241972,840749,1
245602,857160,1
227363,836593,1
257926,936947,1
237689,839510,1
267799,847911,1
207552,772091,1
201567,881003,1
265125,820661,1
273165,852766,1
290210,818593,1
256487,868899,1
271395,862063,1
251958,886571,1
249253,856047,1
268289,878265,1
295375,861990,1
256316,818886,1
246470,842932,1
314666,849163,1
298979,774144,1
192885,887667,1
227819,900986,1
250003,859517,1
249857,844975,1
218369,851387,1
252586,806474,1
283017,850861,1
228095,843338,1
266980,825990,1
241381,844402,1
294053,878220,1
253339,750941,1
241413,845029,1
294326,807584,1
257856,846423,1
248210,886338,1
216846,737568,1
244743,830888,1
277055,860813,1
279923,805957,1
235041,823732,1
238524,842928,1
246453,883061,1
260590,827955,1
274554,845338,1
245254,907991,1
299821,866288,1
261120,804153,1
246729,879602,1
240308,844341,1
220620,819091,1
268926,813783,1
234219,845270,1
188424,849785,1
240171,843940,1
163766,859386,1
191257,802651,1
224852,934148,1
261093,844962,1
228711,848090,1
183478,851724,1
201080,823689,1
118590,857150,1
264798,767716,1
313609,860065,1
232246,844226,1
237757,834092,1
222682,806314,1
243331,844022,1
197362,870337,1
229857,843917,1
244257,776516,1
224083,852922,1
309399,838744,1
271205,817620,1
242247,864253,1
235337,831592,1
232357,810798,1
252199,828023,1
267049,950249,1
245678,821691,1
241138,844374,1
246182,840370,1
264175,824349,1
266977,887963,1
274685,883097,1
244260,847060,1
256073,917590,1
258416,835432,1
241687,844256,1
282603,846165,1
228032,893055,1
226949,889283,1
264274,813041,1
139601,914203,1
229131,842806,1
236274,861302,1
261819,863523,1
200005,825237,1
310591,841778,1
244049,817710,1
235022,911236,1
256512,837094,1
236495,861569,1
256889,880721,1
258528,856273,1
233284,860085,1
257480,849037,1
269354,811847,1
222445,891438,1
222356,840843,1
236207,886769,1
174371,864697,1
159683,838958,1
237750,837381,1
241545,838673,1
256082,831969,1
246468,838071,1
205919,844377,1
266111,813259,1
244246,847589,1
244899,812192,1
219316,898830,1
251866,864044,1
238308,790723,1
209264,836661,1
242519,845811,1
351883,890475,1
278929,842054,1
244027,850132,1
248570,843156,1
224681,858432,1
210276,824826,1
220884,916718,1
240846,841609,1
257093,801567,1
236749,813868,1
332237,911313,1
288954,846991,1
238084,844799,1
236431,844100,1
299772,828655,1
241633,846949,1
230107,858332,1
256216,903741,1
258135,880184,1
232331,872896,1
183583,787453,1
264293,890923,1
213208,833959,1
224288,931476,1
261622,869706,1
297183,841456,1
241849,815141,1
308616,811021,1
220931,876605,1
289719,866638,1
233931,838374,1
224694,848663,1
240645,855514,1
229567,855332,1
247613,815836,1
239387,847822,1
257788,880587,1
245532,846331,1
224241,828996,1
227582,856861,1
244618,845420,1
213775,841758,1
243511,830743,1
244799,841688,1
216061,848623,1
294492,832336,1
248931,844960,1
267478,894783,1
228715,837572,1
269483,848608,1
248276,844455,1
236987,881080,1
223732,826580,1
230149,886583,1
265299,859533,1
181803,799487,1
247210,859012,1
261633,773355,1
262370,891499,1
250394,847577,1
222019,839774,1
238328,770068,1
208941,860169,1
238714,858826,1
241005,825301,1
270742,847836,1
238492,833394,1
312726,853829,1
286663,846902,1
261796,819395,1
253890,807676,1
242415,844335,1
134134,842630,1
163956,833732,1
250359,849451,1
295357,842293,1
218942,848326,1
205466,778884,1
253899,862843,1
244966,841126,1
208494,850615,1
221126,837878,1
271093,861412,1
216543,842952,1
255185,825960,1
251070,877802,1
264565,859237,1
228611,836717,1
228517,837056,1
198583,860431,1
215976,836025,1
254411,848090,1
168036,807011,1
292194,906490,1
243951,865415,1
260922,785987,1
245740,814541,1
317675,838127,1
274505,864723,1
230049,865536,1
235084,818866,1
172690,847721,1
221706,875060,1
236740,853169,1
298800,824277,1
265246,889333,1
219498,851932,1
247484,846372,1
288675,919879,1
229280,813483,1
282622,879222,1
307300,836132,1
238260,882489,1
219049,825171,1
219321,848396,1
240028,849354,1
212009,864463,1
246857,852483,1
245118,811283,1
247855,794626,1
253655,821946,1
241475,850889,1
210162,860529,1
204922,854068,1
225567,853078,1
245258,799882,1
257134,845851,1
187314,815820,1
294275,174786,15
329428,66056,15
325938,164475,15
253129,154296,15
319838,170383,15
240213,118409,15
283784,178305,15
376613,159699,15
338717,181582,15
304283,183656,15
314519,146787,15
270899,175377,15
291228,101272,15
291170,110147,15
321522,163852,15
202627,179376,15
307913,91419,15
311093,169734,15
321775,164846,15
294832,124284,15
295537,91032,15
383044,180418,15
338570,192256,15
337894,175289,15
359796,165920,15
316263,163806,15
320972,170417,15
277860,111893,15
367806,123963,15
359352,162962,15
350964,149159,15
332201,181702,15
287966,150135,15
346942,152780,15
232784,169847,15
292492,99170,15
334529,166765,15
363208,238649,15
196795,190277,15
353333,113156,15
373191,88470,15
333789,151168,15
339732,163158,15
321822,187102,15
276792,141848,15
308044,164482,15
311328,159477,15
383052,89061,15
316820,150304,15
314479,178821,15
310824,144943,15
333143,200298,15
300672,175844,15
339482,151261,15
319208,164182,15
321645,164662,15
308763,166511,15
308066,145825,15
360143,155270,15
348893,195430,15
319283,158983,15
332284,194186,15
292402,184441,15
361227,221878,15
313573,109221,15
310693,154278,15
344482,215846,15
358652,186358,15
330533,214555,15
320400,160020,15
267662,127175,15
396583,82842,15
292193,125417,15
324121,96346,15
321344,166633,15
234837,151054,15
368060,76739,15
347050,150472,15
245783,109229,15
400550,144359,15
343217,153037,15
315488,160339,15
347406,155708,15
336845,172750,15
357014,148222,15
331862,169092,15
322140,165212,15
363075,162238,15
318738,182134,15
346717,178180,15
311819,140674,15
332032,157725,15
301983,173386,15
321556,163352,15
315830,102777,15
312275,145173,15
325861,203058,15
360703,150999,15
345976,148333,15
320210,191459,15
318665,158107,15
425563,163524,14
264427,188193,15
348177,179526,15
265430,151883,15
320718,158610,15
380609,185976,15
345234,188822,15
362027,150348,15
300294,178772,15
315963,174031,15
333787,189423,15
337343,156614,15
334812,137431,15
347492,153416,15
324518,167369,15
353991,193997,15
274321,219665,15
335476,183897,15
300021,159185,15
384591,137729,15
320000,162605,15
268938,211870,15
366146,196571,15
356280,185198,15
325767,164095,15
350480,214608,15
314791,163370,15
302582,134124,15
328851,147002,15
347039,195468,15
289531,145743,15
343018,239960,15
271123,163465,15
326959,154655,15
332307,189590,15
310529,141617,15
380281,205779,15
411606,137378,15
348191,165419,15
305292,175260,15
256120,141529,15
390934,170420,15
358562,112650,15
355499,224982,15
363437,77975,15
232043,177614,15
246753,175170,15
327204,152871,15
371685,151612,15
291723,177824,15
324488,180658,15
340048,131847,15
295311,115000,15
239495,163949,15
267521,119941,15
401396,125431,15
260930,184935,15
336085,170252,15
291782,159562,15
307616,207295,15
352910,145624,15
294653,104623,15
372883,222824,15
318707,160697,15
281548,175184,15
307747,128551,15
336991,217448,15
270233,195701,15
433100,134861,14
311433,134432,15
375353,117180,15
315146,160782,15
311163,166821,15
305333,171939,15
332470,161202,15
302266,185591,15
370775,144355,15
314552,151035,15
343145,172236,15
331212,162496,15
299460,144708,15
383894,179880,15
345703,149860,15
331381,162660,15
344364,213940,15
378347,144880,15
322789,137560,15
328425,159826,15
341137,78287,15
317771,154916,15
336266,148507,15
342066,119083,15
297177,88467,15
280519,165350,15
305901,166656,15
284757,175853,15
281732,221764,15
321262,178491,15
344710,213543,15
311408,168232,15
356500,188114,15
304376,222294,15
278116,185472,15
247892,115217,15
306326,164202,15
311516,94189,15
323747,163351,15
321778,158339,15
309501,166931,15
333942,143344,15
339393,209145,15
340996,170964,15
315333,144566,15
332853,168141,15
290958,168323,15
297731,175876,15
280274,182662,15
306540,193434,15
319155,159850,15
355168,114823,15
270201,236813,15
347630,120931,15
446538,180119,14
371052,147369,15
403365,215735,15
258201,153095,15
335121,214149,15
283786,133973,15
353951,133923,15
345069,165968,15
367079,183232,15
363932,228249,15
354132,161850,15
390538,157197,15
333805,148479,15
325344,159885,15
323905,168029,15
274495,182470,15
309684,150076,15
381617,157000,15
322841,169735,15
359520,132845,15
249616,144446,15
321620,169950,15
415495,116126,15
335742,196692,15
271424,251323,15
340066,152500,15
327734,163585,15
346079,220993,15
276741,143844,15
377042,182019,15
400055,131725,15
332246,172932,15
310386,171068,15
327569,158418,15
324444,166910,15
317217,163896,15
270404,183080,15
277512,151920,15
324966,170021,15
306421,145493,15
382419,110392,15
318266,171979,15
321245,141627,15
318192,170844,15
320821,165455,15
329029,204399,15
311065,219934,15
287127,192494,15
283571,109326,15
308748,199866,15
369490,164369,15
270729,67329,15
279010,181792,15
282957,179982,15
308489,145929,15
327927,168535,15
327022,161396,15
376557,109320,15
248427,146381,15
321182,150806,15
312337,154488,15
268518,181514,15
285865,167818,15
279251,184486,15
306042,66361,15
318215,180010,15
293978,197091,15
338044,233264,15
293864,241877,15
344380,183817,15
316257,171544,15
248779,111087,15
313783,177198,15
415534,110526,15
296164,96874,15
315670,160928,15
339137,160334,15
290700,196285,15
307107,174760,15
325279,168587,15
328423,161604,15
333883,276840,15
308555,134011,15
322101,164171,15
306357,123397,15
292931,125341,15
284378,223470,15
335003,151395,15
267212,158699,15
343851,193618,15
296627,93375,15
334980,143900,15
335235,180161,15
360945,167952,15
257841,193878,15
275288,212315,15
331798,143962,15
333937,51121,15
328775,156501,15
319829,168353,15
293201,192871,15
327608,177638,15
332562,174699,15
348815,150017,15
312227,159417,15
324337,162686,15
323329,93955,15
291973,127483,15
258779,106777,15
325360,134919,15
267264,153034,15
312421,170617,15
293350,175997,15
275459,190178,15
244344,185382,15
252845,181181,15
357923,192120,15
382720,263255,15
326040,156509,15
165104,543395,8
139903,592241,8
132705,557674,8
114311,601605,8
102460,533057,8
185935,554627,8
123441,594415,8
97216,564094,8
110948,539533,8
101553,517715,8
133023,574572,8
144570,573936,8
136531,557658,8
173576,507309,8
179189,536028,8
141238,557986,8
156430,615117,8
69169,631490,8
31842,565765,8
144620,575370,8
155899,561715,8
137451,555339,8
68388,574380,8
166290,521714,8
210499,526471,8
148319,584541,8
135336,552552,8
136606,562296,8
136301,569544,8
119386,620549,8
139212,557713,8
84501,604671,8
176602,574552,8
105945,528795,8
140989,537156,8
138449,555969,8
128669,574591,8
95749,602775,8
139460,557260,8
130440,562623,8
147885,527813,8
58190,608304,8
151701,574146,8
148385,538149,8
142668,544976,8
145251,553486,8
142265,546135,8
202913,525966,8
192564,547558,8
179240,577011,8
182840,584262,8
144242,557674,8
135849,550612,8
101427,615890,8
143265,548387,8
112379,547679,8
137347,622867,8
139146,569516,8
125756,579609,8
77109,512651,8
138073,556272,8
202547,601240,8
19835,570290,8
118137,579149,8
201324,574588,8
113259,568684,8
139052,610320,8
177246,571940,8
107972,601191,8
138199,541774,8
220156,589643,8
137787,566189,8
138122,557230,8
93136,613387,8
154620,576738,8
131523,568207,8
136967,565662,8
142886,556511,8
125005,540340,8
138965,558201,8
139474,569485,8
171471,576787,8
157138,565993,8
198294,552987,8
136078,547418,8
140164,531093,8
156003,502860,8
67867,545392,8
133780,533275,8
116142,550919,8
148510,579793,8
179224,584189,8
149906,546909,8
29760,557873,8
115287,602637,8
206561,574789,8
108651,521409,8
115905,560139,8
127373,549518,8
141699,530028,8
141641,557376,8
111855,531542,8
136580,553967,8
137516,556818,8
179793,483378,8
105568,584102,8
125840,520239,8
117212,565692,8
140717,554093,8
139033,593287,8
172882,571145,8
104862,608089,8
158366,537970,8
138525,534268,8
69565,599820,8
94571,528963,8
153185,562792,8
147599,513563,8
223226,546198,8
143879,536650,8
151099,518008,8
109317,531425,8
127202,525948,8
137740,618961,8
138734,557713,8
109912,565003,8
158060,525533,8
260096,530550,7
134449,557556,8
121650,599844,8
188992,563992,8
207218,589497,8
179830,547383,8
152331,529689,8
112184,530469,8
166904,503121,8
183026,545377,8
152658,569277,8
172116,513383,8
95899,530846,8
144325,538991,8
166597,572855,8
105193,596017,8
166840,562425,8
117089,561455,8
141718,549576,8
117959,536156,8
125351,529954,8
140706,547367,8
138012,558263,8
135284,555664,8
142663,556520,8
112673,516997,8
137657,611252,8
119237,591137,8
186380,487625,8
113099,546732,8
176278,550602,8
158773,588778,8
140962,518168,8
144856,551807,8
155943,576199,8
152584,564548,8
165356,570715,8
127858,609681,8
257984,555707,7
149758,564768,8
129550,560106,8
159271,568953,8
151374,538387,8
129030,588495,8
155430,549012,8
172756,612694,8
93459,514032,8
99569,523174,8
148080,544056,8
169322,577938,8
173847,514665,8
136418,562926,8
140047,540043,8
74519,527539,8
146681,562995,8
110877,562558,8
95071,503965,8
136232,576477,8
146120,576624,8
259173,548593,7
107965,535173,8
103153,601002,8
158283,570550,8
206219,604081,8
116492,509399,8
97430,598804,8
193275,538687,8
116860,550810,8
179834,541387,8
143226,522375,8
111174,539350,8
94933,588147,8
139434,557410,8
131532,536658,8
38179,532155,8
113321,606322,8
123905,508486,8
201753,569116,8
206660,575002,8
138884,529162,8
139636,565984,8
110479,594587,8
76253,529394,8
160280,493497,8
161475,587507,8
149054,556986,8
223408,520131,8
158596,562634,8
141991,539522,8
137172,523482,8
161154,538355,8
130157,581286,8
142000,554964,8
86243,559135,8
130883,557824,8
127964,538935,8
122130,568886,8
210597,589836,8
139847,552015,8
147664,559632,8
167716,562762,8
130657,555545,8
165382,518876,8
221994,575146,8
87236,607429,8
154268,542573,8
197367,535989,8
133094,557996,8
155274,552551,8
139911,561185,8
146924,565933,8
146183,622188,8
176092,531921,8
184402,546549,8
139641,557503,8
170816,547069,8
156474,570384,8
146678,558942,8
136569,532130,8
162124,500069,8
127503,623654,8
182854,534283,8
141222,572556,8
177665,557923,8
201907,516078,8
130249,579307,8
166560,559687,8
138220,560056,8
134725,537440,8
127940,590467,8
143592,606949,8
64979,538104,8
94061,576129,8
79285,554817,8
103192,550021,8
198823,538624,8
145758,562414,8
211584,591058,8
139451,549580,8
220224,592068,8
150404,539885,8
142767,538646,8
143912,595772,8
184412,537050,8
55359,623076,8
137197,556522,8
138461,558771,8
80673,566893,8
203667,577260,8
94249,600812,8
145244,561042,8
94458,533883,8
130201,562734,8
98675,580608,8
134422,544300,8
141771,551655,8
141924,558399,8
137316,562151,8
143363,551365,8
197849,575524,8
134261,519275,8
129997,568115,8
170494,560892,8
164453,544085,8
128788,546091,8
88703,577217,8
131109,568012,8
95074,570002,8
232047,522748,8
125548,552424,8
142563,560090,8
118391,553625,8
132497,593125,8
162713,586568,8
122296,566921,8
56907,586609,8
48143,523870,8
104489,542515,8
130582,565948,8
180633,570302,8
241485,523039,7
178005,594957,8
211266,534538,8
137680,555667,8
144401,565666,8
101722,535117,8
115781,594942,8
107160,530936,8
139978,587153,8
179931,536588,8
105353,589239,8
119496,543146,8
142575,517378,8
76661,531044,8
137699,556769,8
154964,554923,8
142516,559062,8
98525,579761,8
163925,576666,8
153326,558408,8
262846,559590,7
102898,592834,8
138349,554238,8
193502,557364,8
202175,495076,8
154162,536416,8
77875,516899,8
163477,561507,8
131874,552586,8
120357,560737,8
119535,551857,8
114108,540537,8
136059,558213,8
121786,564225,8
233105,591646,8
149760,577278,8
139237,548782,8
34795,606311,8
147663,555514,8
108512,525986,8
509279,180548,14
495165,163113,14
474652,193224,14
507786,199578,14
566666,195255,14
506012,178372,14
541435,206637,14
507311,177795,14
461701,188438,14
506069,169723,14
477155,161019,14
505044,180646,14
467697,168082,14
511868,170991,14
500225,177559,14
460616,174810,14
573755,218049,14
543616,144788,14
509804,175714,14
542311,161882,14
475944,189337,14
517750,199025,14
520952,169184,14
559076,190770,14
416763,96639,15
549384,208450,14
549147,171454,14
520880,200955,14
484348,202813,14
487472,166999,14
504728,174541,14
465734,114090,14
570266,188032,14
505584,176135,14
514739,189624,14
500589,181466,14
504096,192493,14
553118,165472,14
502511,205121,14
551798,221411,14
502737,174437,14
513181,177419,14
513010,141058,14
535564,177248,14
514551,176526,14
450030,169537,14
521152,152439,14
505512,203857,14
509928,184873,14
490271,216725,14
529931,180136,14
508228,220433,14
534461,178056,14
508551,174306,14
545365,210090,14
510414,142485,14
507895,177445,14
506288,177990,14
512560,224816,14
454160,102568,14
437116,148591,14
519003,160741,14
509173,178051,14
507674,147431,14
513562,229098,14
473361,185066,14
517580,170329,14
509285,174620,14
510496,174308,14
438860,114065,14
534702,244239,14
504755,150226,14
474135,199330,14
508907,173787,14
509651,149290,14
490956,124550,14
499637,194036,14
515856,148316,14
482568,159010,14
522728,184704,14
493070,189771,14
483807,198925,14
469656,153741,14
470041,102049,14
576965,187481,14
515230,149567,14
469470,189347,14
484678,123623,14
509554,186931,14
480787,147737,14
523036,123677,14
508144,167733,14
515450,173220,14
489378,172861,14
497406,125809,14
514173,139330,14
520809,176718,14
499009,205823,14
509773,148899,14
505117,141877,14
494698,176711,14
501334,163002,14
502500,176532,14
546565,151576,14
520878,209094,14
486891,175164,14
512241,169240,14
569692,182365,14
491382,122267,14
457033,127590,14
535453,200970,14
436641,55171,14
520845,176291,14
496130,178113,14
507473,227670,14
507092,175151,14
493714,173387,14
528826,154067,14
509951,176794,14
505400,160422,14
473316,162622,14
489504,146224,14
516888,152451,14
505128,175022,14
520819,181586,14
506812,167031,14
495032,203929,14
508789,174256,14
502302,210265,14
511106,122518,14
486997,164803,14
535787,199735,14
540364,163758,14
496006,191010,14
497454,172375,14
488330,173837,14
547076,156969,14
509956,141698,14
516084,178725,14
535034,172649,14
529858,213114,14
496384,166644,14
519201,139101,14
575022,213534,14
469404,181944,14
464672,193513,14
491609,180519,14
470314,178936,14
481067,172555,14
508797,176269,14
491145,206344,14
485361,169229,14
474527,107596,14
499643,171625,14
514722,190943,14
474641,81263,14
495995,160032,14
516963,174184,14
521006,163218,14
434581,123267,14
514876,182995,14
501416,172980,14
513991,165072,14
512900,219252,14
510739,121103,14
509522,174376,14
507862,172954,14
512716,181316,14
483423,111797,14
505603,147517,14
482628,171320,14
541790,172616,14
473649,178184,14
520763,250478,14
494000,189403,14
533931,173291,14
485110,150541,14
528679,199079,14
545699,174099,14
517495,186329,14
520461,173217,14
456821,105575,14
495388,156422,14
514934,219169,14
508989,168995,14
500474,169746,14
504511,149234,14
467144,147308,14
512733,174091,14
452791,156805,14
488800,197919,14
593887,210595,14
561725,168220,14
528011,201615,14
514428,222503,14
512051,145220,14
472054,129986,14
507959,166780,14
518068,137556,14
561110,219865,14
563315,215613,14
523779,163905,14
490037,164357,14
519421,154681,14
504373,165819,14
513957,139202,14
486422,178919,14
533351,147778,14
511030,221292,14
496069,102201,14
496491,171534,14
497254,171940,14
518892,165875,14
481083,151953,14
507741,178883,14
486224,196184,14
509039,173839,14
462658,75167,14
519680,208378,14
499676,196897,14
480876,160465,14
521032,177084,14
486034,196122,14
505225,158750,14
485968,123023,14
478442,125560,14
502355,164119,14
502915,183059,14
497211,174121,14
537174,194410,14
505293,194591,14
491442,116195,14
473202,140745,14
505079,219082,14
541455,223176,14
528938,174372,14
528094,178343,14
520759,184923,14
538994,179328,14
507832,181513,14
493897,189627,14
514408,173338,14
514391,156592,14
513362,223841,14
443618,157237,14
477746,163845,14
480571,204150,14
486326,174643,14
505384,174535,14
541220,177840,14
522869,176818,14
497255,188783,14
545240,221008,14
512291,169608,14
576158,210283,14
508099,175066,14
545455,182232,14
537836,177165,14
508597,173640,14
507445,193647,14
524397,239456,14
527753,213985,14
528766,239937,14
481356,162127,14
541498,192746,14
506142,170513,14
494574,198972,14
477901,173288,14
509223,177592,14
532010,176195,14
541006,175198,14
490355,153464,14
566524,179796,14
550216,184337,14
516085,195504,14
523796,219588,14
511118,175212,14
445043,152257,14
497582,190801,14
514622,206979,14
479631,178459,14
496476,140337,14
498389,178069,14
506361,225237,14
519396,177174,14
529409,157228,14
501111,157402,14
514219,167014,14
558307,203307,14
545957,196749,14
508080,175697,14
589900,217899,14
509383,167302,14
474516,189144,14
498730,183037,14
473093,188791,14
471328,176297,14
510901,175806,14
559809,162597,14
499272,168413,14
514981,172608,14
511289,183247,14
455460,153040,14
519962,175210,14
532549,172894,14
516128,178722,14
519113,194925,14
502877,192740,14
520782,134308,14
574369,207483,14
515494,188459,14
486870,146947,14
484395,107291,14
504243,237336,14
483776,213021,14
536623,213083,14
544539,180391,14
502002,166223,14
500801,185558,14
525670,184762,14
481841,209337,14
494317,170837,14
521153,242968,14
473933,191767,14
524502,248106,14
487952,168607,14
460133,173081,14
453261,148432,14
491792,214464,14
497815,165151,14
515348,184750,14
598908,254032,14
558478,213316,14
538228,168834,14
464634,173867,14
518675,175686,14
533566,214619,14
540196,180312,14
500360,213540,14
517882,175467,14
549642,157506,14
511368,173673,14
506815,173387,14
500192,192292,14
533775,163036,14
511484,160453,14
489062,200329,14
537514,179689,14
551867,170425,14
406184,394506,10
417996,408162,10
428667,451233,10
425386,379634,10
388202,405780,10
370955,325071,10
353749,391896,10
398629,401626,10
393402,401018,10
465599,383470,10
400257,404936,10
444610,400247,10
392046,391220,10
410506,395586,10
508805,429073,11
424782,449687,10
384467,407359,10
397399,403186,10
449683,388863,10
387756,435588,10
451753,383440,10
414448,429790,10
394599,409068,10
387330,409037,10
402109,430185,10
393825,453067,10
412111,418466,10
397213,377839,10
361159,436327,10
383075,447616,10
383832,340506,10
402227,414685,10
411957,397796,10
377408,395123,10
417231,381303,10
442915,420573,10
415394,396940,10
420792,430901,10
397791,444527,10
385804,393101,10
384572,388523,10
402069,434868,10
414997,432597,10
392919,405103,10
396150,430329,10
439145,407748,10
401240,354085,10
424228,442208,10
336023,416862,10
351352,362910,10
413549,408517,10
341775,425156,10
424811,413300,10
402677,412615,10
419118,421655,10
354601,358760,10
410682,349328,10
399020,404042,10
392258,405478,10
353941,399967,10
411471,446824,10
397158,370362,10
431117,394746,10
395246,392783,10
400468,405703,10
354094,424230,10
352429,359750,10
358830,431609,10
387039,365758,10
395013,387179,10
400545,404212,10
435067,403802,10
394436,450912,10
376444,371957,10
433463,410297,10
426625,475977,10
424241,452915,10
396520,405610,10
347638,429109,10
374797,407601,10
451670,388347,10
373684,418326,10
412615,403902,10
392428,402295,10
389868,410718,10
383022,409854,10
468350,395883,10
373339,398565,10
383878,376230,10
434815,388041,10
368864,411216,10
321050,422497,10
276794,384458,9
383197,409869,10
381340,409680,10
415521,368125,10
404288,349685,10
367922,415238,10
422056,382193,10
407334,445969,10
373917,427628,10
422261,374345,10
392728,411341,10
336585,420977,10
401730,354294,10
401854,402867,10
401330,395538,10
393903,387227,10
399188,402459,10
389510,370897,10
399858,403574,10
343651,438750,10
388743,388465,10
398246,406245,10
400727,396769,10
399077,403968,10
402071,427626,10
405902,394724,10
383992,398245,10
372230,412488,10
418086,394699,10
400305,466024,10
380458,329635,10
338347,337961,10
411171,426853,10
392447,408539,10
375233,399429,10
385338,440797,10
397764,406712,10
414290,393146,10
394846,407130,10
402252,414628,10
332913,385678,10
396517,394572,10
388479,343648,10
405569,411933,10
444816,409502,10
393659,439272,10
415222,434798,10
396621,381952,10
416893,347737,10
398980,407667,10
404273,429948,10
397851,400846,10
447192,359893,10
350428,392503,10
451853,420873,10
402566,415798,10
362753,369848,10
407188,396576,10
380139,434251,10
409167,449719,10
405470,392374,10
359036,365793,10
398617,402424,10
408714,391412,10
382222,441817,10
403751,385539,10
400548,402390,10
393828,404314,10
373943,376926,10
390182,360941,10
391776,409868,10
342501,336320,10
401923,417123,10
342400,426090,10
405325,407466,10
369480,377148,10
416110,374296,10
401162,412142,10
442931,430123,10
478361,409520,10
401313,405195,10
357466,354094,10
417617,414816,10
417281,410881,10
470047,410943,10
378824,430343,10
369227,397853,10
397918,462032,10
397331,407010,10
427810,400178,10
401708,409924,10
426172,363147,10
401411,414503,10
409823,412908,10
386068,422517,10
398255,405428,10
346358,384801,10
397735,448097,10
348847,425164,10
394761,461494,10
357253,388075,10
402267,410395,10
415233,441297,10
404445,402466,10
408224,399767,10
369044,371649,10
343119,382074,10
416750,435776,10
387103,401925,10
368200,364844,10
393758,439738,10
418623,404382,10
402660,406054,10
427749,457110,10
405356,391545,10
432184,395118,10
322936,368566,10
402710,424367,10
456025,389630,10
395450,407822,10
377941,403683,10
407576,434017,10
348263,386451,10
391966,387214,10
392576,406460,10
380236,460907,10
398153,407081,10
399942,385908,10
398795,472619,10
467535,416014,10
377758,413906,10
398724,404179,10
396710,378698,10
377588,402670,10
408992,462226,10
423371,373970,10
412861,434751,10
403160,392159,10
395168,404189,10
399346,423786,10
409244,460295,10
429515,393708,10
370602,353215,10
356739,417826,10
408147,436628,10
436362,379677,10
399291,386712,10
396081,396707,10
419200,403389,10
383855,390984,10
370252,347498,10
460198,402706,10
418046,358461,10
408500,393942,10
397618,404912,10
392660,395873,10
406739,400918,10
439048,403700,10
392424,375266,10
379128,418858,10
391970,419802,10
389279,424006,10
468907,448885,10
410601,410653,10
396556,406492,10
417795,405673,10
375971,427549,10
414374,439977,10
368363,409733,10
402081,407514,10
399753,404222,10
424840,479570,10
381863,416651,10
394606,401451,10
389520,406500,10
418140,415328,10
387461,394402,10
391384,413273,10
391439,399819,10
365223,422531,10
407189,437102,10
415933,422485,10
402031,426039,10
428513,456990,10
382396,405483,10
368166,429422,10
418636,440000,10
411674,402377,10
424365,371987,10
394159,411676,10
371548,414612,10
460628,434107,10
399717,403257,10
361875,448199,10
393424,399084,10
333682,401078,10
377870,377550,10
405117,364266,10
452398,378671,10
397889,398501,10
424089,352640,10
417494,392231,10
402851,395579,10
376493,366302,10
460684,371809,10
449571,387141,10
405322,414743,10
420489,448078,10
377975,461076,10
492551,434649,10
477323,384551,10
359740,379592,10
429653,438596,10
361814,411086,10
400660,404811,10
410418,409414,10
392162,355397,10
376145,414107,10
371464,328177,10
379593,380662,10
448231,384406,10
404157,406324,10
420616,401526,10
398985,413427,10
400538,407020,10
391530,398743,10
408182,408351,10
435926,408504,10
411090,435389,10
398311,383357,10
409291,431539,10
399460,399410,10
400473,408327,10
399693,395271,10
431437,436764,10
312123,419763,10
411053,432808,10
401616,404245,10
364455,436191,10
407833,402474,10
367864,442851,10
437870,375761,10
308726,371721,10
418996,389541,10
371498,393120,10
407429,399155,10
380749,403860,10
399997,411205,10
377215,418429,10
380202,396671,10
436034,385951,10
395210,357805,10
415136,446807,10
315013,318367,10
372424,413163,10
340966,420480,10
354767,417464,10
387165,404027,10
854654,549222,5
889260,541423,5
870826,524625,5
868025,569296,5
861364,598127,5
825141,535997,5
906640,587296,5
906396,535803,5
887896,558572,5
817776,525600,5
844066,546029,5
848976,558706,5
897131,604582,5
845120,549830,5
872241,556733,5
857818,534525,5
794265,594573,5
857126,548151,5
842786,614034,5
889975,589361,5
841130,529745,5
813561,583156,5
855603,542414,5
887556,531797,5
837032,509264,5
852037,649724,4
793791,581315,5
904450,533427,5
879722,550246,5
839088,528460,5
869369,536868,5
871873,509094,5
900991,497149,5
919544,541255,5
860520,544023,5
863042,557890,5
889805,522039,5
879031,489881,5
852918,552112,5
903840,586229,5
932662,537069,5
908506,549611,5
867533,542290,5
844617,499013,5
862002,534006,5
883981,607581,5
864265,549505,5
883062,547498,5
860870,546516,5
895565,501871,5
843344,604964,5
864059,545894,5
830888,544022,5
858819,544904,5
853562,531620,5
873791,606643,5
859213,538040,5
841843,503359,5
842719,506205,5
847904,574114,5
863859,546898,5
888919,535805,5
855045,547633,5
863102,545783,5
829747,530312,5
850607,565348,5
810277,520837,5
879104,595389,5
840406,538772,5
838367,536676,5
837457,518745,5
861519,531277,5
816056,542574,5
862534,547936,5
808555,600511,5
862571,550965,5
832010,554080,5
882403,534710,5
840020,568424,5
865030,541150,5
846594,522941,5
890223,556874,5
873136,513309,5
846622,553552,5
905770,531812,5
803216,577565,5
914183,620056,5
877510,555087,5
861193,573954,5
840994,578455,5
875640,561262,5
876782,536438,5
849501,552769,5
866973,550375,5
906382,534459,5
822722,553764,5
861656,545794,5
856991,546255,5
865081,551012,5
895680,609341,5
867801,548156,5
846324,557586,5
840059,534876,5
860473,545982,5
937823,540173,5
886532,500026,5
904133,534915,5
880545,506175,5
833499,504718,5
854979,539793,5
818739,545052,5
825596,639465,4
838036,542999,5
846216,528037,5
850790,525740,5
864040,538985,5
869818,543227,5
879309,561548,5
860563,534839,5
846082,541026,5
860151,543055,5
847292,559228,5
838239,576018,5
837307,548214,5
853093,586321,5
884326,479802,5
838978,622330,5
842903,567914,5
832490,450680,5
844948,563321,5
859577,544625,5
908409,591215,5
819843,570485,5
875625,599766,5
887780,536497,5
884613,507507,5
849858,524682,5
846741,539481,5
870630,516603,5
843111,581603,5
869718,536928,5
857648,511640,5
881571,532467,5
860230,528054,5
861966,562885,5
898736,548642,5
961951,577029,5
866878,501919,5
874791,559085,5
874239,594786,5
915504,527751,5
758172,608152,5
859515,505303,5
861033,507671,5
837880,444574,5
827672,545966,5
869960,562146,5
858151,548242,5
877440,529137,5
821835,564313,5
846371,578530,5
829482,475863,5
860507,526669,5
878696,530134,5
837312,572687,5
886773,509047,5
879805,547494,5
859679,541785,5
910683,612854,5
860863,546060,5
874110,541972,5
790149,565157,5
873984,580836,5
873742,448214,5
894785,440382,5
874312,574582,5
879902,518647,5
851462,526597,5
839012,550376,5
808097,502521,5
879500,590791,5
864721,548447,5
866044,584750,5
876151,582116,5
819250,517655,5
807278,566392,5
872033,558924,5
894268,532597,5
846752,613846,5
850478,566230,5
849777,531138,5
823584,568458,5
823202,619103,5
843715,568319,5
861023,545953,5
889743,560547,5
862785,579661,5
880833,537039,5
854374,550707,5
842616,515205,5
860721,547751,5
831024,505776,5
829240,591428,5
860384,555572,5
853348,525893,5
849118,571562,5
856167,542249,5
853874,560250,5
838808,524944,5
814561,575281,5
773292,531652,5
891515,520429,5
805884,549492,5
833437,556713,5
843432,490725,5
791355,529644,5
865157,562132,5
920249,551171,5
808777,512952,5
898916,630099,5
863706,491401,5
857231,551055,5
877413,541536,5
838821,563842,5
854037,528890,5
824475,518063,5
857360,562228,5
856437,532452,5
862117,600081,5
839280,539324,5
885379,603686,5
859185,553000,5
865020,550686,5
882007,593653,5
861027,546004,5
846772,509036,5
844627,556401,5
861069,548327,5
854342,541611,5
844086,531300,5
923996,594948,5
832154,559403,5
803202,549001,5
856619,544008,5
897286,558004,5
851216,516166,5
858537,548576,5
828001,524067,5
849327,548496,5
858278,544519,5
793875,473793,5
766617,548142,5
847728,576707,5
858418,546935,5
816840,539239,5
852687,540692,5
861927,562723,5
892382,513991,5
811745,461099,5
800152,576217,5
870139,566584,5
859492,572224,5
830226,483466,5
850674,533083,5
834632,541216,5
899052,526048,5
925485,596955,5
893145,551400,5
839493,521150,5
883434,581923,5
873380,495161,5
765011,607246,5
898578,612291,5
906772,510158,5
858325,586062,5
795909,462864,5
812634,554848,5
846841,533595,5
810817,509540,5
826192,577784,5
856552,545271,5
848628,503773,5
784291,581417,5
890613,567037,5
870936,575427,5
851166,532382,5
871544,592403,5
870337,534303,5
819580,545900,5
912649,498734,5
870214,556246,5
853279,560714,5
857319,543529,5
878519,606677,5
858057,542933,5
860375,544804,5
888111,525539,5
892877,544283,5
788776,582930,5
875311,542259,5
875248,462524,5
835831,555864,5
885828,586348,5
916704,609548,5
893991,544467,5
866352,535933,5
872247,494281,5
832372,600070,5
902302,514170,5
877298,565604,5
873636,510687,5
854818,554389,5
915666,506439,5
905849,524809,5
862062,545736,5
871981,649086,4
900829,590250,5
859419,546754,5
855983,534803,5
916082,517633,5
874877,535143,5
885963,528959,5
853439,518568,5
855177,626376,5
814249,488483,5
857283,548467,5
865489,548920,5
913686,576892,5
880275,564545,5
861381,546835,5
880958,588608,5
868979,528502,5
872237,555834,5
861868,549168,5
836951,546244,5
836874,555991,5
769546,554722,5
855074,542557,5
868128,568529,5
878859,540155,5
852267,498220,5
874125,543036,5
846646,548548,5
851517,541076,5
806888,492319,5
831779,577161,5
860259,545444,5
892423,530999,5
838442,506780,5
853291,557685,5
730887,825972,3
645233,927201,3
645563,819480,3
573324,878802,3
693699,822637,3
649412,856993,3
684558,878573,3
656658,854609,3
651506,856097,3
618405,842859,3
667280,765619,3
600996,890782,3
674463,862486,3
676694,851597,3
620685,880813,3
716590,874975,3
721401,951880,3
657094,857640,3
644693,867371,3
633601,861482,3
673646,857346,3
657184,855509,3
708244,871834,3
659081,860560,3
657811,885904,3
642843,909185,3
709303,897538,3
610505,851476,3
612648,772280,3
673196,812941,3
673267,883727,3
694451,863981,3
678869,902492,3
690018,819280,3
677983,890077,3
639997,865965,3
709254,847444,3
679799,858680,3
664355,831472,3
659166,861665,3
692386,863386,3
688076,833905,3
680506,840053,3
641840,886745,3
673292,857105,3
622212,860015,3
736557,897961,3
668234,886696,3
675013,876331,3
675902,853961,3
695092,820091,3
730287,897070,3
691716,873426,3
722404,952207,3
678606,878004,3
664156,846474,3
688118,911574,3
674492,861230,3
675382,836312,3
664639,925795,3
626334,852383,3
669690,842110,3
653177,819935,3
674265,861435,3
677404,883871,3
672212,860894,3
715956,900724,3
674236,877152,3
679818,860064,3
578509,923881,3
680381,823757,3
720629,816515,3
640210,902029,3
671772,860357,3
618009,867493,3
672628,882986,3
680261,863401,3
682100,853708,3
681049,846975,3
668567,856554,3
656957,871011,3
662293,872590,3
673953,835926,3
718544,888401,3
648590,917839,3
699124,824089,3
668367,855686,3
675866,868784,3
700098,894685,3
683156,877209,3
661357,801817,3
789095,895634,3
673332,857517,3
627452,835854,3
672059,860501,3
665048,854911,3
683580,872374,3
668839,882598,3
682510,905902,3
671235,856653,3
680228,843225,3
662249,918050,3
674961,865594,3
679211,886670,3
676220,858214,3
567861,856582,3
668228,858122,3
682241,850176,3
712262,856869,3
671325,856592,3
680592,858526,3
683098,847245,3
646816,829778,3
675633,863416,3
677551,860007,3
683656,842406,3
678195,860537,3
700747,821557,3
679054,898217,3
676360,866112,3
665308,868551,3
665775,845662,3
660459,860658,3
670119,859029,3
672068,874862,3
644301,925034,3
704574,866263,3
665660,828338,3
680579,836946,3
682053,853410,3
672544,859978,3
713088,880834,3
680969,838864,3
674151,853540,3
664903,839150,3
641902,755287,3
683610,910782,3
676962,897430,3
594720,848457,3
658748,777680,3
700341,869730,3
640432,837036,3
668519,860048,3
672668,861428,3
638004,837697,3
673071,856021,3
668772,858570,3
636871,929410,3
599612,859210,3
739318,810528,3
654937,781879,3
663095,949045,3
658734,883214,3
647968,877873,3
682699,851115,3
684739,884934,3
667620,855461,3
616281,845406,3
697161,840318,3
679237,862389,3
664260,859029,3
674121,858589,3
700962,927047,3
723397,859761,3
648230,857418,3
677896,867053,3
680828,839011,3
680757,826912,3
673826,880137,3
694897,834591,3
683585,905984,3
671609,815681,3
669748,863109,3
674659,860894,3
659734,844127,3
656156,868643,3
653258,860766,3
684131,898331,3
666516,859837,3
655237,871554,3
653592,959882,3
659280,845579,3
646422,900526,3
627580,840406,3
604546,847329,3
631316,837043,3
705518,925936,3
662898,884734,3
718088,852181,3
666315,872311,3
710082,881600,3
674433,860605,3
685821,816579,3
678856,850293,3
669427,846395,3
687043,806921,3
657981,866945,3
676480,860779,3
704065,832648,3
669178,866011,3
693783,860206,3
683027,876064,3
670957,810768,3
674134,908464,3
637665,858741,3
664325,877878,3
664025,801796,3
672800,874378,3
685124,873363,3
674496,870664,3
684602,823981,3
677769,841641,3
651576,865180,3
650720,817440,3
674472,860330,3
673028,860593,3
683413,861559,3
669638,842011,3
674365,860819,3
687360,862438,3
662684,813662,3
673242,886958,3
674311,859933,3
595580,798572,3
636769,854047,3
685551,798742,3
663945,828490,3
717187,883275,3
706906,885612,3
675988,841317,3
671976,864630,3
669366,869654,3
651216,815098,3
676767,832479,3
657879,857942,3
665828,868934,3
674905,876286,3
640000,863831,3
672818,881943,3
634800,823669,3
658590,886551,3
639463,847461,3
625416,868848,3
672266,862875,3
723173,872525,3
688098,908495,3
673410,863889,3
679788,889464,3
615826,863168,3
598671,854219,3
753254,840123,3
669430,905798,3
726847,875488,3
648443,845340,3
674114,970756,3
675551,956849,3
677459,896720,3
634004,895206,3
653745,809028,3
682420,846881,3
666636,858686,3
682481,879399,3
656834,885944,3
718257,857481,3
672598,856928,3
693997,774817,3
612392,916853,3
671444,860206,3
671404,857240,3
689628,868984,3
704570,845515,3
652233,886054,3
705929,851313,3
682315,843851,3
667131,849230,3
707894,904500,3
649345,864613,3
629998,877765,3
659542,840985,3
621278,888326,3
682304,876841,3
679747,860939,3
663049,843538,3
672876,844123,3
689948,850548,3
696257,894819,3
629377,853726,3
658034,897179,3
696808,866039,3
699668,863774,3
669697,859388,3
606506,766728,3
672474,868765,3
697011,856357,3
708262,945359,3
653181,886417,3
674521,861127,3
729194,856897,3
663168,859429,3
644843,838626,3
672797,843231,3
680677,868629,3
614497,830844,3
646671,857872,3
679242,853941,3
665697,929571,3
749941,916922,3
602365,916673,3
684537,843821,3
694308,904062,3
731712,878998,3
667713,847241,3
730383,879136,3
689363,817577,3
728743,850843,3
683941,915579,3
722463,882675,3
670519,870010,3
683252,858182,3
669288,860515,3
675357,870850,3
673449,860643,3
687325,883004,3
603472,894573,3
669713,851017,3
693362,837786,3
605535,925341,3
687078,791051,3
672387,800443,3
683048,937776,3
713579,879202,3
571669,873544,3
695260,824882,3
702654,841548,3
601619,825604,3
564416,878492,3
703773,870419,3
674931,870112,3
673140,864863,3
681053,892766,3
683321,873932,3
701017,931252,3
645677,814395,3
677362,853471,3
659046,930099,3
665426,853940,3
691827,863963,3
650661,861267,3
599647,858702,3
684091,842566,3
